{"cameraMode":{"drawMode":0,"name":"Shaded","section":"Shading Mode"},"sceneLighting":false,"audioPlay":false,"sceneViewState":{"m_AlwaysRefresh":false,"showFog":true,"showSkybox":false,"showFlares":true,"showImageEffects":true,"showParticleSystems":true,"showVisualEffectGraphs":true,"m_FxEnabled":true},"in2DMode":false,"pivot":{"x":7.0084075927734379,"y":-1.3427553176879883,"z":6.79392147064209},"rotation":{"x":-0.048076383769512179,"y":-0.9516388773918152,"z":0.22623302042484284,"w":-0.20222575962543488},"size":7.8158135414123539,"orthographic":true}